-------INSERT---------------
--TABLE: category
INSERT INTO category VALUES ('DOCES');
INSERT INTO category VALUES ('SALGADOS');
INSERT INTO category VALUES ('BEBIDAS');
INSERT INTO category VALUES ('FRUTOS SECOS');

INSERT INTO category VALUES ('BOLOS');
INSERT INTO category VALUES ('BOLACHAS');
INSERT INTO category VALUES ('GOMAS');

INSERT INTO category VALUES ('BEBIDAS ENERGETICAS');
INSERT INTO category VALUES ('SUMOS');
INSERT INTO category VALUES ('AGUAS');

INSERT INTO category VALUES ('FOLHADOS');
INSERT INTO category VALUES ('BATATAS FRITAS');

INSERT INTO category VALUES ('NOZES');
INSERT INTO category VALUES ('AMENDOINS');

--TABLE: simple_category
INSERT INTO simple_category VALUES ('BOLOS');
INSERT INTO simple_category VALUES ('BOLACHAS');
INSERT INTO simple_category VALUES ('GOMAS');

INSERT INTO simple_category VALUES ('BEBIDAS ENERGETICAS');
INSERT INTO simple_category VALUES ('SUMOS');
INSERT INTO simple_category VALUES ('AGUAS');

INSERT INTO simple_category VALUES ('FOLHADOS');
INSERT INTO simple_category VALUES ('BATATAS FRITAS');

INSERT INTO simple_category VALUES ('NOZES');
INSERT INTO simple_category VALUES ('AMENDOINS');


--TABLE: super_category
INSERT INTO super_category VALUES ('DOCES');
INSERT INTO super_category VALUES ('SALGADOS');
INSERT INTO super_category VALUES ('BEBIDAS');
INSERT INTO super_category VALUES ('FRUTOS SECOS');


--TABLE: has_other
INSERT INTO has_other VALUES ('DOCES', 'BOLOS');
INSERT INTO has_other VALUES ('DOCES', 'BOLACHAS');
INSERT INTO has_other VALUES ('DOCES', 'GOMAS');

INSERT INTO has_other VALUES ('BEBIDAS', 'BEBIDAS ENERGETICAS');
INSERT INTO has_other VALUES ('BEBIDAS', 'SUMOS');
INSERT INTO has_other VALUES ('BEBIDAS', 'AGUAS');

INSERT INTO has_other VALUES ('SALGADOS', 'BATATAS FRITAS');
INSERT INTO has_other VALUES ('SALGADOS', 'FOLHADOS');

INSERT INTO has_other VALUES ('FRUTOS SECOS', 'NOZES');
INSERT INTO has_other VALUES ('FRUTOS SECOS', 'AMENDOINS');

--TABLE: product
INSERT INTO product VALUES (1111110000001, 'BATATAS FRITAS', 'LAYS ORIGINAIS');
INSERT INTO product VALUES (1111110000002, 'BATATAS FRITAS', 'LAYS CAMPONESAS');
INSERT INTO product VALUES (1111110000003, 'BATATAS FRITAS', 'LAYS GOURMET');
INSERT INTO product VALUES (1111110000004, 'BATATAS FRITAS', 'LAYS PAPRIKA');
INSERT INTO product VALUES (1111110000005, 'BATATAS FRITAS', 'LAYS AL PUNTO');
INSERT INTO product VALUES (1111110000006, 'BATATAS FRITAS', 'LAYS SAL VINAGRE');
INSERT INTO product VALUES (1111110000007, 'BATATAS FRITAS', 'LAYS VEGGGIE');
INSERT INTO product VALUES (1111110000008, 'BATATAS FRITAS', 'LAYS BBQ');
INSERT INTO product VALUES (2345510000000, 'FOLHADOS', 'FOLHADO SALSICHA');
INSERT INTO product VALUES (2345510000005, 'FOLHADOS', 'FOLHADO LINGUICA');
INSERT INTO product VALUES (2345510000010, 'FOLHADOS', 'FOLHADO FARINHEIRA');
INSERT INTO product VALUES (2345510000015, 'FOLHADOS', 'FOLHADO FRANGO');
INSERT INTO product VALUES (2345510000020, 'FOLHADOS', 'FOLHADO LEGUMES');
INSERT INTO product VALUES (2345510000025, 'FOLHADOS', 'FOLHADO QUEIJO');
INSERT INTO product VALUES (7283210000000, 'SUMOS', 'COCA COLA');
INSERT INTO product VALUES (7283210000001, 'SUMOS', 'COCA COLA ZERO');
INSERT INTO product VALUES (7283210000002, 'SUMOS', '7UP');
INSERT INTO product VALUES (7283210000003, 'SUMOS', 'SUMOL LARANJA');
INSERT INTO product VALUES (7283210000004, 'SUMOS', 'COMPAL');
INSERT INTO product VALUES (7283210000005, 'SUMOS', 'ICE TEA LIMAO');
INSERT INTO product VALUES (7283210000006, 'SUMOS', 'ICE TEA PESSEGO');
INSERT INTO product VALUES (7283210000007, 'SUMOS', 'ICE TEA MARACUJA');
INSERT INTO product VALUES (7283210000008, 'SUMOS', 'PEPSI');
INSERT INTO product VALUES (7283210000009, 'SUMOS', 'PEPSI MAX');
INSERT INTO product VALUES (7898357000200, 'AGUAS', 'LUSO');
INSERT INTO product VALUES (7898357000201, 'AGUAS', 'PENACOVA');
INSERT INTO product VALUES (7898357000202, 'AGUAS', 'FIJI');
INSERT INTO product VALUES (7898357000300, 'BEBIDAS ENERGETICAS', 'RED BULL');
INSERT INTO product VALUES (7898357000301, 'BEBIDAS ENERGETICAS', 'PRIME');
INSERT INTO product VALUES (7898357000302, 'BEBIDAS ENERGETICAS', 'GATORADE');
INSERT INTO product VALUES (7898357000303, 'BEBIDAS ENERGETICAS', 'MONSTER');
INSERT INTO product VALUES (7898357000304, 'BEBIDAS ENERGETICAS', 'MOUNTAIN DEW');
INSERT INTO product VALUES (2222222000000, 'BOLOS', 'BOLO ARROZ');
INSERT INTO product VALUES (2222222000001, 'BOLOS', 'QUEQUE CHOCOLATE');
INSERT INTO product VALUES (2222222000002, 'BOLOS', 'SALAME');
INSERT INTO product VALUES (2222222000003, 'BOLOS', 'BOLA BERLIM');
INSERT INTO product VALUES (2222222000004, 'BOLOS', 'BOLO CHOCOLATE FATIA');
INSERT INTO product VALUES (2222222000005, 'BOLOS', 'CHEESECAKE FATIA');
INSERT INTO product VALUES (2222222000200, 'BOLACHAS', 'MARIA');
INSERT INTO product VALUES (2222222000201, 'BOLACHAS', 'CHIPS AOY');
INSERT INTO product VALUES (2222222000202, 'BOLACHAS', 'OREO');
INSERT INTO product VALUES (2222222000203, 'BOLACHAS', 'KIT KAT');
INSERT INTO product VALUES (2222222000400, 'GOMAS', 'TIJOLO');
INSERT INTO product VALUES (2222222000401, 'GOMAS', 'ELASTICA');
INSERT INTO product VALUES (2222222000402, 'GOMAS', 'COLA');
INSERT INTO product VALUES (9999990000000, 'NOZES', 'NOZES EM LATA 500g');
INSERT INTO product VALUES (9999990000001, 'NOZES', 'AMENDOINS EM LATA 500g');

--TABLE: has_category
INSERT INTO has_category VALUES (1111110000001, 'BATATAS FRITAS');
INSERT INTO has_category VALUES (1111110000002, 'BATATAS FRITAS');
INSERT INTO has_category VALUES (1111110000003, 'BATATAS FRITAS');
INSERT INTO has_category VALUES (1111110000004, 'BATATAS FRITAS');
INSERT INTO has_category VALUES (1111110000005, 'BATATAS FRITAS');
INSERT INTO has_category VALUES (1111110000006, 'BATATAS FRITAS');
INSERT INTO has_category VALUES (1111110000007, 'BATATAS FRITAS');
INSERT INTO has_category VALUES (1111110000008, 'BATATAS FRITAS');
INSERT INTO has_category VALUES (2345510000000, 'FOLHADOS');
INSERT INTO has_category VALUES (2345510000005, 'FOLHADOS');
INSERT INTO has_category VALUES (2345510000010, 'FOLHADOS');
INSERT INTO has_category VALUES (2345510000015, 'FOLHADOS');
INSERT INTO has_category VALUES (2345510000020, 'FOLHADOS');
INSERT INTO has_category VALUES (2345510000025, 'FOLHADOS');
INSERT INTO has_category VALUES (7283210000000, 'SUMOS');
INSERT INTO has_category VALUES (7283210000001, 'SUMOS');
INSERT INTO has_category VALUES (7283210000002, 'SUMOS');
INSERT INTO has_category VALUES (7283210000003, 'SUMOS');
INSERT INTO has_category VALUES (7283210000004, 'SUMOS');
INSERT INTO has_category VALUES (7283210000005, 'SUMOS');
INSERT INTO has_category VALUES (7283210000006, 'SUMOS');
INSERT INTO has_category VALUES (7283210000007, 'SUMOS');
INSERT INTO has_category VALUES (7283210000008, 'SUMOS');
INSERT INTO has_category VALUES (7283210000009, 'SUMOS');
INSERT INTO has_category VALUES (7898357000200, 'AGUAS');
INSERT INTO has_category VALUES (7898357000201, 'AGUAS');
INSERT INTO has_category VALUES (7898357000202, 'AGUAS');
INSERT INTO has_category VALUES (7898357000300, 'BEBIDAS ENERGETICAS');
INSERT INTO has_category VALUES (7898357000301, 'BEBIDAS ENERGETICAS');
INSERT INTO has_category VALUES (7898357000302, 'BEBIDAS ENERGETICAS');
INSERT INTO has_category VALUES (7898357000303, 'BEBIDAS ENERGETICAS');
INSERT INTO has_category VALUES (7898357000304, 'BEBIDAS ENERGETICAS');
INSERT INTO has_category VALUES (2222222000000, 'BOLOS');
INSERT INTO has_category VALUES (2222222000001, 'BOLOS');
INSERT INTO has_category VALUES (2222222000002, 'BOLOS');
INSERT INTO has_category VALUES (2222222000003, 'BOLOS');
INSERT INTO has_category VALUES (2222222000004, 'BOLOS');
INSERT INTO has_category VALUES (2222222000005, 'BOLOS');
INSERT INTO has_category VALUES (2222222000200, 'BOLACHAS');
INSERT INTO has_category VALUES (2222222000201, 'BOLACHAS');
INSERT INTO has_category VALUES (2222222000202, 'BOLACHAS');
INSERT INTO has_category VALUES (2222222000203, 'BOLACHAS');
INSERT INTO has_category VALUES (2222222000203, 'BOLOS');
INSERT INTO has_category VALUES (2222222000400, 'GOMAS'); 
INSERT INTO has_category VALUES (2222222000401, 'GOMAS'); 
INSERT INTO has_category VALUES (2222222000402, 'GOMAS'); 

--TABLE: ivm
INSERT INTO ivm VALUES ('32150120AE','SANDSTAR');
INSERT INTO ivm VALUES ('78150120DF','APL');
INSERT INTO ivm VALUES ('23350120DE','MARS INC.');
INSERT INTO ivm VALUES ('14150120WE','BETSON');
INSERT INTO ivm VALUES ('17450120DC','GLORY INC.');
INSERT INTO ivm VALUES ('79123120DD','DIEBOLD');
INSERT INTO ivm VALUES ('74150120AS','FORD MACHINES');
INSERT INTO ivm VALUES ('08150120DS','SEAGA');
INSERT INTO ivm VALUES ('90150120XC','NORTHWESTERN CORP');
INSERT INTO ivm VALUES ('33153120VD','ENTERVENDING LLC');

--TABLE: point_of_retail
INSERT INTO point_of_retail VALUES ('GALP CARREGADO', 'LISBOA', 'ALENQUER');
INSERT INTO point_of_retail VALUES ('BP A24 VISEU', 'VISEU', 'VISEU');
INSERT INTO point_of_retail VALUES ('CONTINENTE ALVERCA', 'LISBOA', 'ALVERCA DO RIBATEJO');
INSERT INTO point_of_retail VALUES ('MODELO POVOA', 'LISBOA', 'VILA FRANCA DE XIRA');
INSERT INTO point_of_retail VALUES ('GALP ARRUDA', 'LISBOA', 'ARRUDA DOS VINHOS');

--TABLE: installed_at
INSERT INTO installed_at VALUES ('32150120AE','SANDSTAR', 'GALP CARREGADO');
INSERT INTO installed_at VALUES ('78150120DF','APL', 'MODELO POVOA');
INSERT INTO installed_at VALUES ('17450120DC','GLORY INC.', 'GALP ARRUDA');
INSERT INTO installed_at VALUES ('08150120DS','SEAGA', 'MODELO POVOA');
INSERT INTO installed_at VALUES ('33153120VD','ENTERVENDING LLC', 'CONTINENTE ALVERCA');


--TABLE: shelf
INSERT INTO shelf VALUES (1,'32150120AE','SANDSTAR', 30, 'BEBIDAS ENERGETICAS');
INSERT INTO shelf VALUES (2,'32150120AE','SANDSTAR', 30, 'SUMOS');
INSERT INTO shelf VALUES (3,'32150120AE','SANDSTAR', 30, 'FOLHADOS');
INSERT INTO shelf VALUES (4,'32150120AE','SANDSTAR', 30, 'BATATAS FRITAS');
INSERT INTO shelf VALUES (5,'32150120AE','SANDSTAR', 30, 'BOLACHAS');
INSERT INTO shelf VALUES (1,'78150120DF','APL', 30, 'BEBIDAS ENERGETICAS');
INSERT INTO shelf VALUES (2,'78150120DF','APL', 30, 'SUMOS');
INSERT INTO shelf VALUES (3,'78150120DF','APL', 30, 'FOLHADOS');
INSERT INTO shelf VALUES (4,'78150120DF','APL', 30, 'BATATAS FRITAS');
INSERT INTO shelf VALUES (5,'78150120DF','APL', 30, 'BOLACHAS');
INSERT INTO shelf VALUES (1,'23350120DE','MARS INC.', 30, 'BEBIDAS ENERGETICAS');
INSERT INTO shelf VALUES (2,'23350120DE','MARS INC.', 30, 'SUMOS');
INSERT INTO shelf VALUES (3,'23350120DE','MARS INC.', 30, 'FOLHADOS');
INSERT INTO shelf VALUES (4,'23350120DE','MARS INC.', 30, 'BATATAS FRITAS');
INSERT INTO shelf VALUES (5,'23350120DE','MARS INC.', 30, 'BOLACHAS');
INSERT INTO shelf VALUES (1,'14150120WE','BETSON', 30, 'BEBIDAS ENERGETICAS');
INSERT INTO shelf VALUES (2,'14150120WE','BETSON', 30, 'SUMOS');
INSERT INTO shelf VALUES (3,'14150120WE','BETSON', 30, 'FOLHADOS');
INSERT INTO shelf VALUES (4,'14150120WE','BETSON', 30, 'BATATAS FRITAS');
INSERT INTO shelf VALUES (5,'14150120WE','BETSON', 30, 'BOLACHAS');
INSERT INTO shelf VALUES (1,'17450120DC','GLORY INC.', 30, 'BEBIDAS ENERGETICAS');
INSERT INTO shelf VALUES (2,'17450120DC','GLORY INC.', 30, 'SUMOS');
INSERT INTO shelf VALUES (3,'17450120DC','GLORY INC.', 30, 'AGUAS');
INSERT INTO shelf VALUES (4,'17450120DC','GLORY INC.', 30, 'FOLHADOS');
INSERT INTO shelf VALUES (5,'17450120DC','GLORY INC.', 30, 'BATATAS FRITAS');
INSERT INTO shelf VALUES (6,'17450120DC','GLORY INC.', 30, 'BOLACHAS');
INSERT INTO shelf VALUES (7,'17450120DC','GLORY INC.', 30, 'BOLOS');
INSERT INTO shelf VALUES (8,'17450120DC','GLORY INC.', 30, 'GOMAS');
INSERT INTO shelf VALUES (9,'17450120DC','GLORY INC.', 30, 'NOZES');
INSERT INTO shelf VALUES (10,'17450120DC','GLORY INC.', 30, 'AMENDOINS');
INSERT INTO shelf VALUES (1,'79123120DD','DIEBOLD', 30, 'BEBIDAS ENERGETICAS');
INSERT INTO shelf VALUES (2,'79123120DD','DIEBOLD', 30, 'SUMOS');
INSERT INTO shelf VALUES (3,'79123120DD','DIEBOLD', 30, 'FOLHADOS');
INSERT INTO shelf VALUES (4,'79123120DD','DIEBOLD', 30, 'BATATAS FRITAS');
INSERT INTO shelf VALUES (5,'79123120DD','DIEBOLD', 30, 'AGUAS');
INSERT INTO shelf VALUES (1,'74150120AS','FORD MACHINES', 30, 'BEBIDAS ENERGETICAS');
INSERT INTO shelf VALUES (2,'74150120AS','FORD MACHINES', 30, 'SUMOS');
INSERT INTO shelf VALUES (3,'74150120AS','FORD MACHINES', 30, 'FOLHADOS');
INSERT INTO shelf VALUES (4,'74150120AS','FORD MACHINES', 30, 'BATATAS FRITAS');
INSERT INTO shelf VALUES (5,'74150120AS','FORD MACHINES', 30, 'BOLOS');
INSERT INTO shelf VALUES (1,'08150120DS','SEAGA', 30, 'BEBIDAS ENERGETICAS');
INSERT INTO shelf VALUES (2,'08150120DS','SEAGA', 30, 'SUMOS');
INSERT INTO shelf VALUES (3,'08150120DS','SEAGA', 30, 'FOLHADOS');
INSERT INTO shelf VALUES (4,'08150120DS','SEAGA', 30, 'BATATAS FRITAS');
INSERT INTO shelf VALUES (5,'08150120DS','SEAGA', 30, 'BOLACHAS');
INSERT INTO shelf VALUES (1,'90150120XC','NORTHWESTERN CORP', 30, 'BEBIDAS ENERGETICAS');
INSERT INTO shelf VALUES (2,'90150120XC','NORTHWESTERN CORP', 30, 'SUMOS');
INSERT INTO shelf VALUES (3,'90150120XC','NORTHWESTERN CORP', 30, 'FOLHADOS');
INSERT INTO shelf VALUES (4,'90150120XC','NORTHWESTERN CORP', 30, 'BATATAS FRITAS');
INSERT INTO shelf VALUES (5,'90150120XC','NORTHWESTERN CORP', 30, 'GOMAS');
INSERT INTO shelf VALUES (1,'33153120VD','ENTERVENDING LLC', 30, 'BEBIDAS ENERGETICAS');
INSERT INTO shelf VALUES (2,'33153120VD','ENTERVENDING LLC', 30, 'SUMOS');
INSERT INTO shelf VALUES (3,'33153120VD','ENTERVENDING LLC', 30, 'FOLHADOS');
INSERT INTO shelf VALUES (4,'33153120VD','ENTERVENDING LLC', 30, 'BATATAS FRITAS');
INSERT INTO shelf VALUES (5,'33153120VD','ENTERVENDING LLC', 30, 'GOMAS');


--TABLE: planogram
INSERT INTO planogram VALUES (7898357000300, 1,'17450120DC','GLORY INC.', 2, 20, 'loc_1');
INSERT INTO planogram VALUES (7283210000009, 2,'17450120DC','GLORY INC.', 2, 20, 'loc_2');
INSERT INTO planogram VALUES (7898357000200, 3,'17450120DC','GLORY INC.', 2, 20, 'loc_3');
INSERT INTO planogram VALUES (2345510000010, 4,'17450120DC','GLORY INC.', 2, 20, 'loc_4');
INSERT INTO planogram VALUES (1111110000006, 5,'17450120DC','GLORY INC.', 2, 20, 'loc_5');
INSERT INTO planogram VALUES (2222222000200, 6,'17450120DC','GLORY INC.', 2, 20, 'loc_6');
INSERT INTO planogram VALUES (2222222000000, 7,'17450120DC','GLORY INC.', 2, 20, 'loc_7');
INSERT INTO planogram VALUES (2222222000401, 8,'17450120DC','GLORY INC.', 2, 20, 'loc_8');
INSERT INTO planogram VALUES (9999990000001, 9,'17450120DC','GLORY INC.', 2, 20, 'loc_9');
INSERT INTO planogram VALUES (9999990000000, 10,'17450120DC','GLORY INC.', 2, 20, 'loc_10');



--TABLE: retailer
INSERT INTO retailer VALUES (1093849058, 'NESTLE');
INSERT INTO retailer VALUES (1032799800, 'COMPAL');
INSERT INTO retailer VALUES (1413046740, 'CONTINENTE');
INSERT INTO retailer VALUES (1214563425, 'AUCHAN');
INSERT INTO retailer VALUES (1905327847, 'GLOVO');


--TABLE: responsible_for
INSERT INTO responsible_for VALUES ('BATATAS FRITAS', 1214563425, '17450120DC','GLORY INC.');
INSERT INTO responsible_for VALUES ('BATATAS FRITAS', 1214563425, '32150120AE','SANDSTAR');
INSERT INTO responsible_for VALUES ('FOLHADOS', 1413046740, '23350120DE','MARS INC.');
INSERT INTO responsible_for VALUES ('FOLHADOS', 1032799800, '78150120DF','APL');
INSERT INTO responsible_for VALUES ('GOMAS', 1214563425, '90150120XC','NORTHWESTERN CORP');
INSERT INTO responsible_for VALUES ('SUMOS', 1905327847, '08150120DS','SEAGA');
INSERT INTO responsible_for VALUES ('BATATAS FRITAS', 1413046740, '33153120VD','ENTERVENDING LLC');


--TABLE - replenishment_event
INSERT INTO replenishment_event VALUES (7898357000300, 1,'17450120DC','GLORY INC.', '2021-06-11 12:30:14', 2, 1214563425);
INSERT INTO replenishment_event VALUES (7898357000200, 3,'17450120DC','GLORY INC.', '2021-06-12 12:30:48', 2, 1214563425);
INSERT INTO replenishment_event VALUES (2345510000010, 4,'17450120DC','GLORY INC.', '2021-06-13 13:00:20', 2, 1214563425);
INSERT INTO replenishment_event VALUES (1111110000006, 5,'17450120DC','GLORY INC.', '2021-06-10 12:55:02', 2, 1214563425);
INSERT INTO replenishment_event VALUES (7898357000300, 1,'17450120DC','GLORY INC.', '2021-06-17 12:30:14', 2, 1032799800);
